iter;dataset;cls;method;param;value;score
2;bpic2011_f4;rf;single_agg;max_features;0.11147742758311563;0.8707335842197516
2;bpic2011_f4;rf;single_agg;processing_time;110.85526776313782;0
3;bpic2011_f4;rf;single_agg;max_features;0.06080271871553111;0.8679572473496949
3;bpic2011_f4;rf;single_agg;processing_time;76.86897706985474;0
4;bpic2011_f4;rf;single_agg;max_features;0.47422340656160566;0.8615065578552944
4;bpic2011_f4;rf;single_agg;processing_time;416.9509508609772;0
