iter;dataset;cls;method;param;value;score
2;bpic2015_5_f2;rf;state_agg;max_features;0.8275946162820977;0.9599781519694218
2;bpic2015_5_f2;rf;state_agg;processing_time;656.1472086906433;0
3;bpic2015_5_f2;rf;state_agg;max_features;0.9663241005213563;0.9597935506321967
3;bpic2015_5_f2;rf;state_agg;processing_time;644.6670088768005;0
4;bpic2015_5_f2;rf;state_agg;max_features;0.47385390008499184;0.9604025743895702
4;bpic2015_5_f2;rf;state_agg;processing_time;553.804765701294;0
